degree,num_advice,num_lookup,num_fixed,lookup_bits,limb_bits,num_limbs,num_aggregation,proof_time,proof_size,verify_time
17,25,3,1,16,88,3,2,17.211890014s,11520,92.509572ms
17,25,3,1,16,88,3,20,18.738705894s,12224,78.356932ms
17,25,3,1,16,88,3,200,22.305785703s,15008,89.421462ms
17,25,3,1,16,88,3,500,31.141980061s,20576,158.898865ms
