degree,num_advice,num_lookup,num_fixed,lookup_bits,limb_bits,num_limbs,num_aggregation,proof_time,proof_size,verify_time
17,25,3,1,16,88,3,2,22.724131167s,11520,6.737ms
17,25,3,1,16,88,3,2000,104.404188667s,45952,26.758458ms
17,25,3,1,16,88,3,4000,200.685001292s,79488,31.913209ms
17,25,3,1,16,88,3,6000,327.244068792s,113600,47.963958ms
