degree,num_advice,num_lookup,num_fixed,lookup_bits,limb_bits,num_limbs,num_aggregation,proof_time,proof_size,verify_time
14,211,27,1,13,91,3,2,19.649503762s,95808,101.350095ms
15,105,14,1,14,90,3,2,17.555316097s,48000,76.640949ms
16,50,6,1,15,90,3,2,16.49525556s,22752,77.248099ms
17,25,3,1,16,88,3,2,16.63131421s,11520,69.926674ms
18,13,2,1,17,88,3,2,18.836969393s,6080,99.269718ms
19,6,1,1,18,90,3,2,19.409343022s,3072,92.179341ms
20,3,1,1,19,88,3,2,26.504916341s,1920,98.345705ms
21,2,1,1,20,88,3,2,40.735281496s,1344,163.180128ms
22,1,1,1,21,88,3,2,67.042955941s,960,244.486493ms
